testname,algorithm,n,maxvalue,time_s,success
small_test,intro,10000000,10000,0.515205,1
small_test,quickSortHalfPivot,10000000,10000,7.14814,1
small_test,ternaryQuickSort,10000000,10000,0.517894,1
small_test,quickSortRandomPivot,10000000,10000,9.71335,1
small_test,merge,10000000,10000,0.83831,1
small_test,radix10,10000000,10000,0.223438,1
small_test,shell,10000000,10000,1.76897,1
small_test,tim,10000000,10000,1.05136,1
small_test,tim,10000000,10000,1.07274,1
